<?xml version="1.0" encoding="UTF-8" ?>
<ServiceGroupRegistrationParameters xmlns:sgc="http://mds.globus.org/servicegroup/client"
  xmlns:xsd="http://www.w3.org/2001/XMLSchema" xmlns:xsi="http://www.w3.org/2001/XMLSchema-instance"
  xmlns:wsa="http://schemas.xmlsoap.org/ws/2004/03/addressing"
  xmlns:agg="http://mds.globus.org/aggregator/types"
  xmlns="http://mds.globus.org/servicegroup/client">
  <!-- The ServiceGroupEPR defines the servicegroup to which registrations will be made -->
  <ServiceGroupEPR>
    <!-- TODO: deploytime template this for the Index Service EPR -->
    <wsa:Address>http://cagrid01.bmi.ohio-state.edu:8080/wsrf/services/DefaultIndexService</wsa:Address>
  </ServiceGroupEPR>
  <!-- Specifies that the registration will be renewed every 10 minutes -->
  <RefreshIntervalSecs>600</RefreshIntervalSecs>
  <Content xsi:type="agg:AggregatorContent" xmlns:agg="http://mds.globus.org/aggregator/types">
    <agg:AggregatorConfig xsi:type="agg:AggregatorConfig">
      <agg:GetMultipleResourcePropertiesPollType
			xmlns:ns1="http://nci.nih.gov/cagrid/DCQL"
			xmlns:ns0="http://CQL.caBIG/1/gov.nih.nci.cagrid.CQLResultSet"
			xmlns:xs="http://www.w3.org/2001/XMLSchema">
        <!-- Specifies that the index should refresh information
            every 300000 milliseconds (once every 5 minutes) -->
        <agg:PollIntervalMillis>300000</agg:PollIntervalMillis>
        <!-- specifies all Resource Properties that should be retrieved from the service -->
      </agg:GetMultipleResourcePropertiesPollType>
    </agg:AggregatorConfig>
    <agg:AggregatorData/>
  </Content>
</ServiceGroupRegistrationParameters>
