<?xml version="1.0" encoding="UTF-8"?>
<!DOCTYPE beans PUBLIC "-//SPRING//DTD BEAN//EN" "http://www.springframework.org/dtd/spring-beans.dtd">

<beans>

	<!--@SECURITY_START@-->
	<bean id="authenticationManager" class="org.acegisecurity.providers.ProviderManager">
		<property name="providers">
			<list>
				<!--@CSM_LOGIN_MODULE_START@-->
				<ref bean="csmAuthenticationProvider"/>
				<!--@CSM_LOGIN_MODULE_END@-->
				<!--@GRID_LOGIN_MODULE_START@-->
				<ref bean="gridAuthenticationProvider"/>
				<!--@GRID_LOGIN_MODULE_END@-->
				<ref bean="x509AuthenticationProvider"/>
				<bean class="gov.nih.nci.system.security.acegi.authentication.NullGroupNameAuthenticationProvider"/>
			</list>
		</property>
	</bean>

	<bean id="x509AuthenticationProvider" class="org.acegisecurity.providers.x509.X509AuthenticationProvider">
		<property name="x509AuthoritiesPopulator">
			<bean class="gov.nih.nci.system.security.acegi.authentication.CSMX509AuthoritiesPopulator">
				<property name="userDetailsService" ref="userDetailsService"/>
			</bean>
		</property>
		<property name="x509UserCache">
			<bean class="org.acegisecurity.providers.x509.cache.EhCacheBasedX509UserCache">
				<property name="cache">
					<bean class="org.springframework.cache.ehcache.EhCacheFactoryBean">
						<property name="cacheManager">
							<bean class="org.springframework.cache.ehcache.EhCacheManagerFactoryBean" />
						</property>
						<property name="timeToLive" value="100000" />
						<property name="timeToIdle" value="1800" />
						<property name="cacheName" value="x509UserCache" />
					</bean>
				</property>
			</bean>
		</property>
	</bean>

	<bean id="gridAuthenticationProvider" class="gov.nih.nci.system.security.acegi.authentication.GridAuthenticationProvider">
		<property name="loginModule" value="@CAGRID_LOGIN_MODULE_NAME@"/>
		<property name="x509AuthenticationProvider">
			<ref bean="x509AuthenticationProvider"/>
		</property>
		<property name="userCache">
			<bean class="org.acegisecurity.providers.dao.cache.EhCacheBasedUserCache">
				<property name="cache">
					<bean class="org.springframework.cache.ehcache.EhCacheFactoryBean">
						<property name="cacheManager">
							<bean class="org.springframework.cache.ehcache.EhCacheManagerFactoryBean" />
						</property>
						<property name="timeToLive" value="100000" />
						<property name="timeToIdle" value="1800" />
						<property name="cacheName" value="userCache" />
					</bean>
				</property>
			</bean>
		</property>
	</bean>

	<bean id="csmAuthenticationProvider" class="gov.nih.nci.system.security.acegi.authentication.CSMAuthenticationProvider">
		<property name="userDetailsService">
			<ref bean="userDetailsService"/>
		</property>
		<property name="userCache">
			<bean class="org.acegisecurity.providers.dao.cache.EhCacheBasedUserCache">
				<property name="cache">
					<bean class="org.springframework.cache.ehcache.EhCacheFactoryBean">
						<property name="cacheManager">
							<bean class="org.springframework.cache.ehcache.EhCacheManagerFactoryBean" />
						</property>
						<property name="timeToLive" value="100000" />
						<property name="timeToIdle" value="1800" />
						<property name="cacheName" value="userCache" />
					</bean>
				</property>
			</bean>
		</property>
	</bean>

	<bean name="userDetailsService" class="gov.nih.nci.system.security.acegi.authentication.CSMUserDetailsService">
		<property name="csmApplicationContext" value="@CSM_PROJECT_NAME@" />
		<property name="cacheProtectionElementsFlag" value="@CACHE_PROTECTION_ELEMENTS_ENABLED@" />
	</bean>

	<bean id="loggerListener" class="org.acegisecurity.event.authentication.LoggerListener"/>
 
	<bean id='autoProxyCreator' class='org.springframework.aop.framework.autoproxy.BeanNameAutoProxyCreator'>
		<property name='interceptorNames'>
			<list><value>securityInterceptor</value></list>
		</property>
		<property name='beanNames'>
			<list><value>ApplicationServiceImpl</value></list>
		</property>
	</bean>
	
	<bean id='securityInterceptor' class="org.acegisecurity.intercept.method.aopalliance.MethodSecurityInterceptor">		
		<property name='authenticationManager' ref='authenticationManager'/>
		<property name='accessDecisionManager' ref='accessDecisionManager'/>
		<property name='objectDefinitionSource'>
			<value>
				@READABLE_APPLICATION_SERVICE_INTERFACE@.*=DUMMYVALUE
				@WRITABLE_APPLICATION_SERVICE_INTERFACE@
			</value>
		</property>
	</bean>

	<bean id='accessDecisionManager' class='org.acegisecurity.vote.AffirmativeBased'>
		<property name='decisionVoters'>
			<list>
				<bean class='gov.nih.nci.system.security.acegi.authorization.CSMRoleVoter'>
					<property name="userDetailsService" ref="userDetailsService"/>
					<property name="applicationServiceMethodHelperClass" value="@SERVICE_METHOD_HELPER@" />
				</bean>
			</list>
		</property>
	</bean>
	<!--@SECURITY_END@-->
</beans>