<?xml version="1.0" encoding="UTF-8"?>
<!DOCTYPE beans PUBLIC "-//SPRING//DTD BEAN//EN" "http://www.springframework.org/dtd/spring-beans.dtd">
<beans>
  <bean id="remoteService" class="org.springframework.remoting.httpinvoker.HttpInvokerProxyFactoryBean">
    <property name="serviceUrl">
      <value>http://@WEB_SERVER_NAME@:@WEB_SERVER_PORT@/@PROJECT_NAME@/http/remoteService</value>
    </property>
    <property name="serviceInterface">
      <value>gov.nih.nci.system.comm.common.ApplicationServiceProxy</value>
    </property>
  </bean>
</beans>

