<?xml version="1.0" encoding="UTF-8"?>
<!DOCTYPE mapping PUBLIC "-//EXOLAB/Castor Object Mapping DTD Version 1.0//EN" "http://www.castor.org/mapping.dtd">

<mapping>
  <class name="gov.nih.nci.cacoresdk.domain.onetoone.bidirectional.withjoin.Pendant" identity="id">
    <map-to xml="Pendant" ns-uri="gme://caCORE.caCORE/3.2/gov.nih.nci.cacoresdk.domain.onetoone.bidirectional.withjoin" />
    <field name="id" type="integer">
      <bind-xml name="id" node="attribute" />
    </field>
    <field name="shape" type="string">
      <bind-xml name="shape" node="attribute" />
    </field>
    <field name="chain" type="gov.nih.nci.cacoresdk.domain.onetoone.bidirectional.withjoin.Chain" handler="gov.nih.nci.system.client.util.xml.CastorDomainObjectFieldHandler">
      <bind-xml name="Chain" type="gov.nih.nci.cacoresdk.domain.onetoone.bidirectional.withjoin.Chain" location="chain" node="element" />
    </field>
  </class>
  <class name="gov.nih.nci.cacoresdk.domain.inheritance.onechild.Mammal" identity="id">
    <map-to xml="Mammal" ns-uri="gme://caCORE.caCORE/3.2/gov.nih.nci.cacoresdk.domain.inheritance.onechild" />
    <field name="hairColor" type="string">
      <bind-xml name="hairColor" node="attribute" />
    </field>
    <field name="id" type="integer">
      <bind-xml name="id" node="attribute" />
    </field>
  </class>
  <class name="gov.nih.nci.cacoresdk.domain.onetoone.unidirectional.Address" identity="id">
    <map-to xml="Address" ns-uri="gme://caCORE.caCORE/3.2/gov.nih.nci.cacoresdk.domain.onetoone.unidirectional" />
    <field name="id" type="integer">
      <bind-xml name="id" node="attribute" />
    </field>
    <field name="zip" type="string">
      <bind-xml name="zip" node="attribute" />
    </field>
  </class>
  <class name="gov.nih.nci.cacoresdk.domain.onetoone.unidirectional.withjoin.Bag" identity="id">
    <map-to xml="Bag" ns-uri="gme://caCORE.caCORE/3.2/gov.nih.nci.cacoresdk.domain.onetoone.unidirectional.withjoin" />
    <field name="id" type="integer">
      <bind-xml name="id" node="attribute" />
    </field>
    <field name="style" type="string">
      <bind-xml name="style" node="attribute" />
    </field>
    <field name="handle" type="gov.nih.nci.cacoresdk.domain.onetoone.unidirectional.withjoin.Handle" handler="gov.nih.nci.system.client.util.xml.CastorDomainObjectFieldHandler">
      <bind-xml name="Handle" type="gov.nih.nci.cacoresdk.domain.onetoone.unidirectional.withjoin.Handle" location="handle" node="element" />
    </field>
  </class>
  <class name="gov.nih.nci.cacoresdk.domain.manytomany.unidirectional.Book" identity="id">
    <map-to xml="Book" ns-uri="gme://caCORE.caCORE/3.2/gov.nih.nci.cacoresdk.domain.manytomany.unidirectional" />
    <field name="id" type="integer">
      <bind-xml name="id" node="attribute" />
    </field>
    <field name="name" type="string">
      <bind-xml name="name" node="attribute" />
    </field>
    <field name="authorCollection" type="gov.nih.nci.cacoresdk.domain.manytomany.unidirectional.Author" collection="collection" handler="gov.nih.nci.system.client.util.xml.CastorCollectionFieldHandler">
      <bind-xml name="Author" type="gov.nih.nci.cacoresdk.domain.manytomany.unidirectional.Author" location="authorCollection" node="element" />
    </field>
  </class>
  <class name="gov.nih.nci.cacoresdk.domain.other.primarykey.CharacterKey" identity="id">
    <map-to xml="CharacterKey" ns-uri="gme://caCORE.caCORE/3.2/gov.nih.nci.cacoresdk.domain.other.primarykey" />
    <field name="id" type="char">
      <bind-xml name="id" node="attribute" />
    </field>
    <field name="name" type="string">
      <bind-xml name="name" node="attribute" />
    </field>
  </class>
  <class name="gov.nih.nci.cacoresdk.domain.onetoone.unidirectional.withjoin.Handle" identity="id">
    <map-to xml="Handle" ns-uri="gme://caCORE.caCORE/3.2/gov.nih.nci.cacoresdk.domain.onetoone.unidirectional.withjoin" />
    <field name="color" type="string">
      <bind-xml name="color" node="attribute" />
    </field>
    <field name="id" type="integer">
      <bind-xml name="id" node="attribute" />
    </field>
  </class>
  <class name="gov.nih.nci.cacoresdk.domain.onetomany.unidirectional.KeyChain" identity="id">
    <map-to xml="KeyChain" ns-uri="gme://caCORE.caCORE/3.2/gov.nih.nci.cacoresdk.domain.onetomany.unidirectional" />
    <field name="id" type="integer">
      <bind-xml name="id" node="attribute" />
    </field>
    <field name="name" type="string">
      <bind-xml name="name" node="attribute" />
    </field>
    <field name="keyCollection" type="gov.nih.nci.cacoresdk.domain.onetomany.unidirectional.Key" collection="collection" handler="gov.nih.nci.system.client.util.xml.CastorCollectionFieldHandler">
      <bind-xml name="Key" type="gov.nih.nci.cacoresdk.domain.onetomany.unidirectional.Key" location="keyCollection" node="element" />
    </field>
  </class>
  <class name="gov.nih.nci.cacoresdk.domain.onetomany.bidirectional.withjoin.Flight" identity="id">
    <map-to xml="Flight" ns-uri="gme://caCORE.caCORE/3.2/gov.nih.nci.cacoresdk.domain.onetomany.bidirectional.withjoin" />
    <field name="destination" type="string">
      <bind-xml name="destination" node="attribute" />
    </field>
    <field name="id" type="integer">
      <bind-xml name="id" node="attribute" />
    </field>
    <field name="passangerCollection" type="gov.nih.nci.cacoresdk.domain.onetomany.bidirectional.withjoin.Passanger" collection="collection" handler="gov.nih.nci.system.client.util.xml.CastorCollectionFieldHandler">
      <bind-xml name="Passanger" type="gov.nih.nci.cacoresdk.domain.onetomany.bidirectional.withjoin.Passanger" location="passangerCollection" node="element" />
    </field>
  </class>
  <class name="gov.nih.nci.cacoresdk.domain.inheritance.parentwithassociation.sametable.Wheel" identity="id">
    <map-to xml="Wheel" ns-uri="gme://caCORE.caCORE/3.2/gov.nih.nci.cacoresdk.domain.inheritance.parentwithassociation.sametable" />
    <field name="id" type="integer">
      <bind-xml name="id" node="attribute" />
    </field>
    <field name="radius" type="integer">
      <bind-xml name="radius" node="attribute" />
    </field>
    <field name="luggage" type="gov.nih.nci.cacoresdk.domain.inheritance.parentwithassociation.sametable.Luggage" collection="collection" handler="gov.nih.nci.system.client.util.xml.CastorCollectionFieldHandler">
      <bind-xml name="Luggage" type="gov.nih.nci.cacoresdk.domain.inheritance.parentwithassociation.sametable.Luggage" location="luggage" node="element" />
    </field>
  </class>
  <class name="gov.nih.nci.cacoresdk.domain.inheritance.parentwithassociation.Professor" identity="id">
    <map-to xml="Professor" ns-uri="gme://caCORE.caCORE/3.2/gov.nih.nci.cacoresdk.domain.inheritance.parentwithassociation" />
    <field name="id" type="integer">
      <bind-xml name="id" node="attribute" />
    </field>
    <field name="name" type="string">
      <bind-xml name="name" node="attribute" />
    </field>
    <field name="assistantCollection" type="gov.nih.nci.cacoresdk.domain.inheritance.parentwithassociation.Assistant" collection="collection" handler="gov.nih.nci.system.client.util.xml.CastorCollectionFieldHandler">
      <bind-xml name="Assistant" type="gov.nih.nci.cacoresdk.domain.inheritance.parentwithassociation.Assistant" location="assistantCollection" node="element" />
    </field>
  </class>
  <class name="gov.nih.nci.cacoresdk.domain.manytoone.unidirectional.withjoin.Song" identity="id">
    <map-to xml="Song" ns-uri="gme://caCORE.caCORE/3.2/gov.nih.nci.cacoresdk.domain.manytoone.unidirectional.withjoin" />
    <field name="id" type="integer">
      <bind-xml name="id" node="attribute" />
    </field>
    <field name="title" type="string">
      <bind-xml name="title" node="attribute" />
    </field>
    <field name="album" type="gov.nih.nci.cacoresdk.domain.manytoone.unidirectional.withjoin.Album" handler="gov.nih.nci.system.client.util.xml.CastorDomainObjectFieldHandler">
      <bind-xml name="Album" type="gov.nih.nci.cacoresdk.domain.manytoone.unidirectional.withjoin.Album" location="album" node="element" />
    </field>
  </class>
  <class name="gov.nih.nci.cacoresdk.domain.onetoone.multipleassociation.Child" identity="id">
    <map-to xml="Child" ns-uri="gme://caCORE.caCORE/3.2/gov.nih.nci.cacoresdk.domain.onetoone.multipleassociation" />
    <field name="id" type="integer">
      <bind-xml name="id" node="attribute" />
    </field>
    <field name="name" type="string">
      <bind-xml name="name" node="attribute" />
    </field>
    <field name="mother" type="gov.nih.nci.cacoresdk.domain.onetoone.multipleassociation.Parent" handler="gov.nih.nci.system.client.util.xml.CastorDomainObjectFieldHandler">
      <bind-xml name="Parent" type="gov.nih.nci.cacoresdk.domain.onetoone.multipleassociation.Parent" location="mother" node="element" />
    </field>
    <field name="father" type="gov.nih.nci.cacoresdk.domain.onetoone.multipleassociation.Parent" handler="gov.nih.nci.system.client.util.xml.CastorDomainObjectFieldHandler">
      <bind-xml name="Parent" type="gov.nih.nci.cacoresdk.domain.onetoone.multipleassociation.Parent" location="father" node="element" />
    </field>
  </class>
  <class name="gov.nih.nci.cacoresdk.domain.other.primarykey.FloatKey" identity="id">
    <map-to xml="FloatKey" ns-uri="gme://caCORE.caCORE/3.2/gov.nih.nci.cacoresdk.domain.other.primarykey" />
    <field name="id" type="float">
      <bind-xml name="id" node="attribute" />
    </field>
    <field name="name" type="string">
      <bind-xml name="name" node="attribute" />
    </field>
  </class>
  <class name="gov.nih.nci.cacoresdk.domain.onetomany.bidirectional.withjoin.Passanger" identity="id">
    <map-to xml="Passanger" ns-uri="gme://caCORE.caCORE/3.2/gov.nih.nci.cacoresdk.domain.onetomany.bidirectional.withjoin" />
    <field name="id" type="integer">
      <bind-xml name="id" node="attribute" />
    </field>
    <field name="name" type="string">
      <bind-xml name="name" node="attribute" />
    </field>
    <field name="flight" type="gov.nih.nci.cacoresdk.domain.onetomany.bidirectional.withjoin.Flight" handler="gov.nih.nci.system.client.util.xml.CastorDomainObjectFieldHandler">
      <bind-xml name="Flight" type="gov.nih.nci.cacoresdk.domain.onetomany.bidirectional.withjoin.Flight" location="flight" node="element" />
    </field>
  </class>
  <class name="gov.nih.nci.cacoresdk.domain.onetomany.unidirectional.withjoin.Button" identity="id">
    <map-to xml="Button" ns-uri="gme://caCORE.caCORE/3.2/gov.nih.nci.cacoresdk.domain.onetomany.unidirectional.withjoin" />
    <field name="holes" type="integer">
      <bind-xml name="holes" node="attribute" />
    </field>
    <field name="id" type="integer">
      <bind-xml name="id" node="attribute" />
    </field>
  </class>
  <class name="gov.nih.nci.cacoresdk.domain.inheritance.childwithassociation.Payment" identity="id">
    <map-to xml="Payment" ns-uri="gme://caCORE.caCORE/3.2/gov.nih.nci.cacoresdk.domain.inheritance.childwithassociation" />
    <field name="amount" type="integer">
      <bind-xml name="amount" node="attribute" />
    </field>
    <field name="id" type="integer">
      <bind-xml name="id" node="attribute" />
    </field>
  </class>
  <class name="gov.nih.nci.cacoresdk.domain.onetoone.bidirectional.Product" identity="id">
    <map-to xml="Product" ns-uri="gme://caCORE.caCORE/3.2/gov.nih.nci.cacoresdk.domain.onetoone.bidirectional" />
    <field name="id" type="integer">
      <bind-xml name="id" node="attribute" />
    </field>
    <field name="name" type="string">
      <bind-xml name="name" node="attribute" />
    </field>
    <field name="line" type="gov.nih.nci.cacoresdk.domain.onetoone.bidirectional.OrderLine" handler="gov.nih.nci.system.client.util.xml.CastorDomainObjectFieldHandler">
      <bind-xml name="OrderLine" type="gov.nih.nci.cacoresdk.domain.onetoone.bidirectional.OrderLine" location="line" node="element" />
    </field>
  </class>
  <class name="gov.nih.nci.cacoresdk.domain.inheritance.childwithassociation.Bank" identity="id">
    <map-to xml="Bank" ns-uri="gme://caCORE.caCORE/3.2/gov.nih.nci.cacoresdk.domain.inheritance.childwithassociation" />
    <field name="id" type="integer">
      <bind-xml name="id" node="attribute" />
    </field>
    <field name="name" type="string">
      <bind-xml name="name" node="attribute" />
    </field>
  </class>
  <class name="gov.nih.nci.cacoresdk.domain.onetomany.unidirectional.Key" identity="id">
    <map-to xml="Key" ns-uri="gme://caCORE.caCORE/3.2/gov.nih.nci.cacoresdk.domain.onetomany.unidirectional" />
    <field name="id" type="integer">
      <bind-xml name="id" node="attribute" />
    </field>
    <field name="type" type="string">
      <bind-xml name="type" node="attribute" />
    </field>
  </class>
  <class name="gov.nih.nci.cacoresdk.domain.manytomany.unidirectional.Author" identity="id">
    <map-to xml="Author" ns-uri="gme://caCORE.caCORE/3.2/gov.nih.nci.cacoresdk.domain.manytomany.unidirectional" />
    <field name="id" type="integer">
      <bind-xml name="id" node="attribute" />
    </field>
    <field name="name" type="string">
      <bind-xml name="name" node="attribute" />
    </field>
  </class>
  <class name="gov.nih.nci.cacoresdk.domain.manytoone.unidirectional.Chef" identity="id">
    <map-to xml="Chef" ns-uri="gme://caCORE.caCORE/3.2/gov.nih.nci.cacoresdk.domain.manytoone.unidirectional" />
    <field name="id" type="integer">
      <bind-xml name="id" node="attribute" />
    </field>
    <field name="name" type="string">
      <bind-xml name="name" node="attribute" />
    </field>
    <field name="restaurant" type="gov.nih.nci.cacoresdk.domain.manytoone.unidirectional.Restaurant" handler="gov.nih.nci.system.client.util.xml.CastorDomainObjectFieldHandler">
      <bind-xml name="Restaurant" type="gov.nih.nci.cacoresdk.domain.manytoone.unidirectional.Restaurant" location="restaurant" node="element" />
    </field>
  </class>
  <class name="gov.nih.nci.cacoresdk.domain.other.datatype.AllDataType" identity="id">
    <map-to xml="AllDataType" ns-uri="gme://caCORE.caCORE/3.2/gov.nih.nci.cacoresdk.domain.other.datatype" />
    <field name="booleanPrimitiveValue" type="boolean">
      <bind-xml name="booleanPrimitiveValue" node="attribute" />
    </field>
    <field name="booleanValue" type="boolean">
      <bind-xml name="booleanValue" node="attribute" />
    </field>
    <field name="characterPrimitiveValue" type="char">
      <bind-xml name="characterPrimitiveValue" node="attribute" />
    </field>
    <field name="characterValue" type="char">
      <bind-xml name="characterValue" node="attribute" />
    </field>
    <field name="clobValue" type="string">
      <bind-xml name="clobValue" node="attribute" />
    </field>
    <field name="datePrimitiveValue" type="java.util.Date">
      <bind-xml name="datePrimitiveValue" node="attribute" />
    </field>
    <field name="dateValue" type="java.util.Date">
      <bind-xml name="dateValue" node="attribute" />
    </field>
    <field name="doublePrimitiveValue" type="double">
      <bind-xml name="doublePrimitiveValue" node="attribute" />
    </field>
    <field name="doubleValue" type="double">
      <bind-xml name="doubleValue" node="attribute" />
    </field>
    <field name="floatPrimitiveValue" type="float">
      <bind-xml name="floatPrimitiveValue" node="attribute" />
    </field>
    <field name="floatValue" type="float">
      <bind-xml name="floatValue" node="attribute" />
    </field>
    <field name="id" type="integer">
      <bind-xml name="id" node="attribute" />
    </field>
    <field name="intPrimitiveValue" type="integer">
      <bind-xml name="intPrimitiveValue" node="attribute" />
    </field>
    <field name="intValue" type="integer">
      <bind-xml name="intValue" node="attribute" />
    </field>
    <field name="longPrimitiveValue" type="long">
      <bind-xml name="longPrimitiveValue" node="attribute" />
    </field>
    <field name="longValue" type="long">
      <bind-xml name="longValue" node="attribute" />
    </field>
    <field name="stringPrimitiveValue" type="string">
      <bind-xml name="stringPrimitiveValue" node="attribute" />
    </field>
    <field name="stringValue" type="string">
      <bind-xml name="stringValue" node="attribute" />
    </field>
    <field name="stringCollection" type="string" collection="collection" handler="gov.nih.nci.system.client.util.xml.CastorCollectionFieldHandler">
      <bind-xml name="string" type="string" location="stringCollection" node="element" />
    </field>
  </class>
  <class name="gov.nih.nci.cacoresdk.domain.onetoone.multipleassociation.Parent" identity="id">
    <map-to xml="Parent" ns-uri="gme://caCORE.caCORE/3.2/gov.nih.nci.cacoresdk.domain.onetoone.multipleassociation" />
    <field name="id" type="integer">
      <bind-xml name="id" node="attribute" />
    </field>
    <field name="name" type="string">
      <bind-xml name="name" node="attribute" />
    </field>
  </class>
  <class name="gov.nih.nci.cacoresdk.domain.other.primarykey.DoublePrimitiveKey" identity="id">
    <map-to xml="DoublePrimitiveKey" ns-uri="gme://caCORE.caCORE/3.2/gov.nih.nci.cacoresdk.domain.other.primarykey" />
    <field name="id" type="double">
      <bind-xml name="id" node="attribute" />
    </field>
    <field name="name" type="string">
      <bind-xml name="name" node="attribute" />
    </field>
  </class>
  <class name="gov.nih.nci.cacoresdk.domain.onetomany.selfassociation.Element" identity="id">
    <map-to xml="Element" ns-uri="gme://caCORE.caCORE/3.2/gov.nih.nci.cacoresdk.domain.onetomany.selfassociation" />
    <field name="id" type="integer">
      <bind-xml name="id" node="attribute" />
    </field>
    <field name="name" type="string">
      <bind-xml name="name" node="attribute" />
    </field>
    <field name="childCollection" type="gov.nih.nci.cacoresdk.domain.onetomany.selfassociation.Element" collection="collection" handler="gov.nih.nci.system.client.util.xml.CastorCollectionFieldHandler">
      <bind-xml name="Element" type="gov.nih.nci.cacoresdk.domain.onetomany.selfassociation.Element" location="childCollection" node="element" />
    </field>
  </class>
  <class name="gov.nih.nci.cacoresdk.domain.other.levelassociation.Card" identity="id">
    <map-to xml="Card" ns-uri="gme://caCORE.caCORE/3.2/gov.nih.nci.cacoresdk.domain.other.levelassociation" />
    <field name="id" type="integer">
      <bind-xml name="id" node="attribute" />
    </field>
    <field name="image" type="string">
      <bind-xml name="image" node="attribute" />
    </field>
    <field name="Name" type="string">
      <bind-xml name="Name" node="attribute" />
    </field>
    <field name="suit" type="gov.nih.nci.cacoresdk.domain.other.levelassociation.Suit" handler="gov.nih.nci.system.client.util.xml.CastorDomainObjectFieldHandler">
      <bind-xml name="Suit" type="gov.nih.nci.cacoresdk.domain.other.levelassociation.Suit" location="suit" node="element" />
    </field>
  </class>
  <class name="gov.nih.nci.cacoresdk.domain.other.primarykey.CharacterPrimitiveKey" identity="id">
    <map-to xml="CharacterPrimitiveKey" ns-uri="gme://caCORE.caCORE/3.2/gov.nih.nci.cacoresdk.domain.other.primarykey" />
    <field name="id" type="char">
      <bind-xml name="id" node="attribute" />
    </field>
    <field name="name" type="string">
      <bind-xml name="name" node="attribute" />
    </field>
  </class>
  <class name="gov.nih.nci.cacoresdk.domain.inheritance.multiplechild.Student" identity="id">
    <map-to xml="Student" ns-uri="gme://caCORE.caCORE/3.2/gov.nih.nci.cacoresdk.domain.inheritance.multiplechild" />
    <field name="id" type="integer">
      <bind-xml name="id" node="attribute" />
    </field>
    <field name="name" type="string">
      <bind-xml name="name" node="attribute" />
    </field>
  </class>
  <class name="gov.nih.nci.cacoresdk.domain.other.primarykey.LongKey" identity="id">
    <map-to xml="LongKey" ns-uri="gme://caCORE.caCORE/3.2/gov.nih.nci.cacoresdk.domain.other.primarykey" />
    <field name="id" type="long">
      <bind-xml name="id" node="attribute" />
    </field>
    <field name="name" type="string">
      <bind-xml name="name" node="attribute" />
    </field>
  </class>
  <class name="gov.nih.nci.cacoresdk.domain.other.primarykey.NoIdKey" identity="mykey">
    <map-to xml="NoIdKey" ns-uri="gme://caCORE.caCORE/3.2/gov.nih.nci.cacoresdk.domain.other.primarykey" />
    <field name="mykey" type="integer">
      <bind-xml name="mykey" node="attribute" />
    </field>
    <field name="name" type="string">
      <bind-xml name="name" node="attribute" />
    </field>
  </class>
  <class name="gov.nih.nci.cacoresdk.domain.inheritance.onechild.sametable.Currency" identity="id">
    <map-to xml="Currency" ns-uri="gme://caCORE.caCORE/3.2/gov.nih.nci.cacoresdk.domain.inheritance.onechild.sametable" />
    <field name="country" type="string">
      <bind-xml name="country" node="attribute" />
    </field>
    <field name="id" type="integer">
      <bind-xml name="id" node="attribute" />
    </field>
  </class>
  <class name="gov.nih.nci.cacoresdk.domain.inheritance.childwithassociation.sametable.Shoes" identity="id">
    <map-to xml="Shoes" ns-uri="gme://caCORE.caCORE/3.2/gov.nih.nci.cacoresdk.domain.inheritance.childwithassociation.sametable" />
    <field name="color" type="string">
      <bind-xml name="color" node="attribute" />
    </field>
    <field name="id" type="integer">
      <bind-xml name="id" node="attribute" />
    </field>
  </class>
  <class name="gov.nih.nci.cacoresdk.domain.manytomany.bidirectional.Project" identity="id">
    <map-to xml="Project" ns-uri="gme://caCORE.caCORE/3.2/gov.nih.nci.cacoresdk.domain.manytomany.bidirectional" />
    <field name="id" type="integer">
      <bind-xml name="id" node="attribute" />
    </field>
    <field name="name" type="string">
      <bind-xml name="name" node="attribute" />
    </field>
    <field name="employeeCollection" type="gov.nih.nci.cacoresdk.domain.manytomany.bidirectional.Employee" collection="collection" handler="gov.nih.nci.system.client.util.xml.CastorCollectionFieldHandler">
      <bind-xml name="Employee" type="gov.nih.nci.cacoresdk.domain.manytomany.bidirectional.Employee" location="employeeCollection" node="element" />
    </field>
  </class>
  <class name="gov.nih.nci.cacoresdk.domain.onetoone.multipleassociation.withjoin.InLaw" identity="id">
    <map-to xml="InLaw" ns-uri="gme://caCORE.caCORE/3.2/gov.nih.nci.cacoresdk.domain.onetoone.multipleassociation.withjoin" />
    <field name="id" type="integer">
      <bind-xml name="id" node="attribute" />
    </field>
    <field name="name" type="string">
      <bind-xml name="name" node="attribute" />
    </field>
  </class>
  <class name="gov.nih.nci.cacoresdk.domain.inheritance.twolevelinheritance.sametablerootlevel.Calculator" identity="id">
    <map-to xml="Calculator" ns-uri="gme://caCORE.caCORE/3.2/gov.nih.nci.cacoresdk.domain.inheritance.twolevelinheritance.sametablerootlevel" />
    <field name="brand" type="string">
      <bind-xml name="brand" node="attribute" />
    </field>
    <field name="id" type="integer">
      <bind-xml name="id" node="attribute" />
    </field>
  </class>
  <class name="gov.nih.nci.cacoresdk.domain.other.primarykey.StringPrimitiveKey" identity="id">
    <map-to xml="StringPrimitiveKey" ns-uri="gme://caCORE.caCORE/3.2/gov.nih.nci.cacoresdk.domain.other.primarykey" />
    <field name="id" type="string">
      <bind-xml name="id" node="attribute" />
    </field>
    <field name="name" type="string">
      <bind-xml name="name" node="attribute" />
    </field>
  </class>
  <class name="gov.nih.nci.cacoresdk.domain.inheritance.twolevelinheritance.Display" identity="id">
    <map-to xml="Display" ns-uri="gme://caCORE.caCORE/3.2/gov.nih.nci.cacoresdk.domain.inheritance.twolevelinheritance" />
    <field name="height" type="integer">
      <bind-xml name="height" node="attribute" />
    </field>
    <field name="id" type="integer">
      <bind-xml name="id" node="attribute" />
    </field>
    <field name="width" type="integer">
      <bind-xml name="width" node="attribute" />
    </field>
  </class>
  <class name="gov.nih.nci.cacoresdk.domain.onetoone.bidirectional.withjoin.Chain" identity="id">
    <map-to xml="Chain" ns-uri="gme://caCORE.caCORE/3.2/gov.nih.nci.cacoresdk.domain.onetoone.bidirectional.withjoin" />
    <field name="id" type="integer">
      <bind-xml name="id" node="attribute" />
    </field>
    <field name="metal" type="string">
      <bind-xml name="metal" node="attribute" />
    </field>
    <field name="pendant" type="gov.nih.nci.cacoresdk.domain.onetoone.bidirectional.withjoin.Pendant" handler="gov.nih.nci.system.client.util.xml.CastorDomainObjectFieldHandler">
      <bind-xml name="Pendant" type="gov.nih.nci.cacoresdk.domain.onetoone.bidirectional.withjoin.Pendant" location="pendant" node="element" />
    </field>
  </class>
  <class name="gov.nih.nci.cacoresdk.domain.other.primarykey.IntegerPrimitiveKey" identity="id">
    <map-to xml="IntegerPrimitiveKey" ns-uri="gme://caCORE.caCORE/3.2/gov.nih.nci.cacoresdk.domain.other.primarykey" />
    <field name="id" type="integer">
      <bind-xml name="id" node="attribute" />
    </field>
    <field name="name" type="string">
      <bind-xml name="name" node="attribute" />
    </field>
  </class>
  <class name="gov.nih.nci.cacoresdk.domain.other.levelassociation.Suit" identity="id">
    <map-to xml="Suit" ns-uri="gme://caCORE.caCORE/3.2/gov.nih.nci.cacoresdk.domain.other.levelassociation" />
    <field name="id" type="integer">
      <bind-xml name="id" node="attribute" />
    </field>
    <field name="name" type="string">
      <bind-xml name="name" node="attribute" />
    </field>
    <field name="deck" type="gov.nih.nci.cacoresdk.domain.other.levelassociation.Deck" handler="gov.nih.nci.system.client.util.xml.CastorDomainObjectFieldHandler">
      <bind-xml name="Deck" type="gov.nih.nci.cacoresdk.domain.other.levelassociation.Deck" location="deck" node="element" />
    </field>
    <field name="cardCollection" type="gov.nih.nci.cacoresdk.domain.other.levelassociation.Card" collection="collection" handler="gov.nih.nci.system.client.util.xml.CastorCollectionFieldHandler">
      <bind-xml name="Card" type="gov.nih.nci.cacoresdk.domain.other.levelassociation.Card" location="cardCollection" node="element" />
    </field>
  </class>
  <class name="gov.nih.nci.cacoresdk.domain.onetomany.bidirectional.Computer" identity="id">
    <map-to xml="Computer" ns-uri="gme://caCORE.caCORE/3.2/gov.nih.nci.cacoresdk.domain.onetomany.bidirectional" />
    <field name="id" type="integer">
      <bind-xml name="id" node="attribute" />
    </field>
    <field name="type" type="string">
      <bind-xml name="type" node="attribute" />
    </field>
    <field name="hardDriveCollection" type="gov.nih.nci.cacoresdk.domain.onetomany.bidirectional.HardDrive" collection="collection" handler="gov.nih.nci.system.client.util.xml.CastorCollectionFieldHandler">
      <bind-xml name="HardDrive" type="gov.nih.nci.cacoresdk.domain.onetomany.bidirectional.HardDrive" location="hardDriveCollection" node="element" />
    </field>
  </class>
  <class name="gov.nih.nci.cacoresdk.domain.other.primarykey.IntegerKey" identity="id">
    <map-to xml="IntegerKey" ns-uri="gme://caCORE.caCORE/3.2/gov.nih.nci.cacoresdk.domain.other.primarykey" />
    <field name="id" type="integer">
      <bind-xml name="id" node="attribute" />
    </field>
    <field name="name" type="string">
      <bind-xml name="name" node="attribute" />
    </field>
  </class>
  <class name="gov.nih.nci.cacoresdk.domain.inheritance.parentwithassociation.sametable.Luggage" identity="id">
    <map-to xml="Luggage" ns-uri="gme://caCORE.caCORE/3.2/gov.nih.nci.cacoresdk.domain.inheritance.parentwithassociation.sametable" />
    <field name="capacity" type="integer">
      <bind-xml name="capacity" node="attribute" />
    </field>
    <field name="id" type="integer">
      <bind-xml name="id" node="attribute" />
    </field>
    <field name="wheel" type="gov.nih.nci.cacoresdk.domain.inheritance.parentwithassociation.sametable.Wheel" handler="gov.nih.nci.system.client.util.xml.CastorDomainObjectFieldHandler">
      <bind-xml name="Wheel" type="gov.nih.nci.cacoresdk.domain.inheritance.parentwithassociation.sametable.Wheel" location="wheel" node="element" />
    </field>
  </class>
  <class name="gov.nih.nci.cacoresdk.domain.inheritance.childwithassociation.sametable.Designer" identity="id">
    <map-to xml="Designer" ns-uri="gme://caCORE.caCORE/3.2/gov.nih.nci.cacoresdk.domain.inheritance.childwithassociation.sametable" />
    <field name="id" type="integer">
      <bind-xml name="id" node="attribute" />
    </field>
    <field name="name" type="string">
      <bind-xml name="name" node="attribute" />
    </field>
  </class>
  <class name="gov.nih.nci.cacoresdk.domain.inheritance.twolevelinheritance.sametable.Goverment" identity="id">
    <map-to xml="Goverment" ns-uri="gme://caCORE.caCORE/3.2/gov.nih.nci.cacoresdk.domain.inheritance.twolevelinheritance.sametable" />
    <field name="country" type="string">
      <bind-xml name="country" node="attribute" />
    </field>
    <field name="id" type="integer">
      <bind-xml name="id" node="attribute" />
    </field>
  </class>
  <class name="gov.nih.nci.cacoresdk.domain.inheritance.multiplechild.sametable.Organization" identity="id">
    <map-to xml="Organization" ns-uri="gme://caCORE.caCORE/3.2/gov.nih.nci.cacoresdk.domain.inheritance.multiplechild.sametable" />
    <field name="id" type="integer">
      <bind-xml name="id" node="attribute" />
    </field>
    <field name="name" type="string">
      <bind-xml name="name" node="attribute" />
    </field>
  </class>
  <class name="gov.nih.nci.cacoresdk.domain.manytomany.bidirectional.Employee" identity="id">
    <map-to xml="Employee" ns-uri="gme://caCORE.caCORE/3.2/gov.nih.nci.cacoresdk.domain.manytomany.bidirectional" />
    <field name="id" type="integer">
      <bind-xml name="id" node="attribute" />
    </field>
    <field name="name" type="string">
      <bind-xml name="name" node="attribute" />
    </field>
    <field name="projectCollection" type="gov.nih.nci.cacoresdk.domain.manytomany.bidirectional.Project" collection="collection" handler="gov.nih.nci.system.client.util.xml.CastorCollectionFieldHandler">
      <bind-xml name="Project" type="gov.nih.nci.cacoresdk.domain.manytomany.bidirectional.Project" location="projectCollection" node="element" />
    </field>
  </class>
  <class name="gov.nih.nci.cacoresdk.domain.other.primarykey.LongPrimitiveKey" identity="id">
    <map-to xml="LongPrimitiveKey" ns-uri="gme://caCORE.caCORE/3.2/gov.nih.nci.cacoresdk.domain.other.primarykey" />
    <field name="id" type="long">
      <bind-xml name="id" node="attribute" />
    </field>
    <field name="name" type="string">
      <bind-xml name="name" node="attribute" />
    </field>
  </class>
  <class name="gov.nih.nci.cacoresdk.domain.other.primarykey.StringKey" identity="id">
    <map-to xml="StringKey" ns-uri="gme://caCORE.caCORE/3.2/gov.nih.nci.cacoresdk.domain.other.primarykey" />
    <field name="id" type="string">
      <bind-xml name="id" node="attribute" />
    </field>
    <field name="name" type="string">
      <bind-xml name="name" node="attribute" />
    </field>
  </class>
  <class name="gov.nih.nci.cacoresdk.domain.manytoone.unidirectional.Restaurant" identity="id">
    <map-to xml="Restaurant" ns-uri="gme://caCORE.caCORE/3.2/gov.nih.nci.cacoresdk.domain.manytoone.unidirectional" />
    <field name="id" type="integer">
      <bind-xml name="id" node="attribute" />
    </field>
    <field name="name" type="string">
      <bind-xml name="name" node="attribute" />
    </field>
  </class>
  <class name="gov.nih.nci.cacoresdk.domain.manytoone.unidirectional.withjoin.Album" identity="id">
    <map-to xml="Album" ns-uri="gme://caCORE.caCORE/3.2/gov.nih.nci.cacoresdk.domain.manytoone.unidirectional.withjoin" />
    <field name="id" type="integer">
      <bind-xml name="id" node="attribute" />
    </field>
    <field name="title" type="string">
      <bind-xml name="title" node="attribute" />
    </field>
  </class>
  <class name="gov.nih.nci.cacoresdk.domain.other.levelassociation.Hand" identity="id">
    <map-to xml="Hand" ns-uri="gme://caCORE.caCORE/3.2/gov.nih.nci.cacoresdk.domain.other.levelassociation" />
    <field name="id" type="integer">
      <bind-xml name="id" node="attribute" />
    </field>
    <field name="cardCollection" type="gov.nih.nci.cacoresdk.domain.other.levelassociation.Card" collection="collection" handler="gov.nih.nci.system.client.util.xml.CastorCollectionFieldHandler">
      <bind-xml name="Card" type="gov.nih.nci.cacoresdk.domain.other.levelassociation.Card" location="cardCollection" node="element" />
    </field>
  </class>
  <class name="gov.nih.nci.cacoresdk.domain.other.levelassociation.Deck" identity="id">
    <map-to xml="Deck" ns-uri="gme://caCORE.caCORE/3.2/gov.nih.nci.cacoresdk.domain.other.levelassociation" />
    <field name="id" type="integer">
      <bind-xml name="id" node="attribute" />
    </field>
    <field name="name" type="string">
      <bind-xml name="name" node="attribute" />
    </field>
    <field name="suitCollection" type="gov.nih.nci.cacoresdk.domain.other.levelassociation.Suit" collection="collection" handler="gov.nih.nci.system.client.util.xml.CastorCollectionFieldHandler">
      <bind-xml name="Suit" type="gov.nih.nci.cacoresdk.domain.other.levelassociation.Suit" location="suitCollection" node="element" />
    </field>
  </class>
  <class name="gov.nih.nci.cacoresdk.domain.onetoone.unidirectional.Person" identity="id">
    <map-to xml="Person" ns-uri="gme://caCORE.caCORE/3.2/gov.nih.nci.cacoresdk.domain.onetoone.unidirectional" />
    <field name="id" type="integer">
      <bind-xml name="id" node="attribute" />
    </field>
    <field name="name" type="string">
      <bind-xml name="name" node="attribute" />
    </field>
    <field name="livesAt" type="gov.nih.nci.cacoresdk.domain.onetoone.unidirectional.Address" handler="gov.nih.nci.system.client.util.xml.CastorDomainObjectFieldHandler">
      <bind-xml name="Address" type="gov.nih.nci.cacoresdk.domain.onetoone.unidirectional.Address" location="livesAt" node="element" />
    </field>
  </class>
  <class name="gov.nih.nci.cacoresdk.domain.onetomany.unidirectional.withjoin.Shirt" identity="id">
    <map-to xml="Shirt" ns-uri="gme://caCORE.caCORE/3.2/gov.nih.nci.cacoresdk.domain.onetomany.unidirectional.withjoin" />
    <field name="id" type="integer">
      <bind-xml name="id" node="attribute" />
    </field>
    <field name="style" type="string">
      <bind-xml name="style" node="attribute" />
    </field>
    <field name="buttonCollection" type="gov.nih.nci.cacoresdk.domain.onetomany.unidirectional.withjoin.Button" collection="collection" handler="gov.nih.nci.system.client.util.xml.CastorCollectionFieldHandler">
      <bind-xml name="Button" type="gov.nih.nci.cacoresdk.domain.onetomany.unidirectional.withjoin.Button" location="buttonCollection" node="element" />
    </field>
  </class>
  <class name="gov.nih.nci.cacoresdk.domain.other.primarykey.FloatPrimitiveKey" identity="id">
    <map-to xml="FloatPrimitiveKey" ns-uri="gme://caCORE.caCORE/3.2/gov.nih.nci.cacoresdk.domain.other.primarykey" />
    <field name="id" type="float">
      <bind-xml name="id" node="attribute" />
    </field>
    <field name="name" type="string">
      <bind-xml name="name" node="attribute" />
    </field>
  </class>
  <class name="gov.nih.nci.cacoresdk.domain.onetoone.multipleassociation.withjoin.Bride" identity="id">
    <map-to xml="Bride" ns-uri="gme://caCORE.caCORE/3.2/gov.nih.nci.cacoresdk.domain.onetoone.multipleassociation.withjoin" />
    <field name="id" type="integer">
      <bind-xml name="id" node="attribute" />
    </field>
    <field name="name" type="string">
      <bind-xml name="name" node="attribute" />
    </field>
    <field name="mother" type="gov.nih.nci.cacoresdk.domain.onetoone.multipleassociation.withjoin.InLaw" handler="gov.nih.nci.system.client.util.xml.CastorDomainObjectFieldHandler">
      <bind-xml name="InLaw" type="gov.nih.nci.cacoresdk.domain.onetoone.multipleassociation.withjoin.InLaw" location="mother" node="element" />
    </field>
    <field name="father" type="gov.nih.nci.cacoresdk.domain.onetoone.multipleassociation.withjoin.InLaw" handler="gov.nih.nci.system.client.util.xml.CastorDomainObjectFieldHandler">
      <bind-xml name="InLaw" type="gov.nih.nci.cacoresdk.domain.onetoone.multipleassociation.withjoin.InLaw" location="father" node="element" />
    </field>
  </class>
  <class name="gov.nih.nci.cacoresdk.domain.onetoone.bidirectional.OrderLine" identity="id">
    <map-to xml="OrderLine" ns-uri="gme://caCORE.caCORE/3.2/gov.nih.nci.cacoresdk.domain.onetoone.bidirectional" />
    <field name="id" type="integer">
      <bind-xml name="id" node="attribute" />
    </field>
    <field name="name" type="string">
      <bind-xml name="name" node="attribute" />
    </field>
    <field name="product" type="gov.nih.nci.cacoresdk.domain.onetoone.bidirectional.Product" handler="gov.nih.nci.system.client.util.xml.CastorDomainObjectFieldHandler">
      <bind-xml name="Product" type="gov.nih.nci.cacoresdk.domain.onetoone.bidirectional.Product" location="product" node="element" />
    </field>
  </class>
  <class name="gov.nih.nci.cacoresdk.domain.other.primarykey.DoubleKey" identity="id">
    <map-to xml="DoubleKey" ns-uri="gme://caCORE.caCORE/3.2/gov.nih.nci.cacoresdk.domain.other.primarykey" />
    <field name="id" type="double">
      <bind-xml name="id" node="attribute" />
    </field>
    <field name="name" type="string">
      <bind-xml name="name" node="attribute" />
    </field>
  </class>
  <class name="gov.nih.nci.cacoresdk.domain.inheritance.parentwithassociation.Assistant" identity="id">
    <map-to xml="Assistant" ns-uri="gme://caCORE.caCORE/3.2/gov.nih.nci.cacoresdk.domain.inheritance.parentwithassociation" />
    <field name="id" type="integer">
      <bind-xml name="id" node="attribute" />
    </field>
    <field name="name" type="string">
      <bind-xml name="name" node="attribute" />
    </field>
  </class>
  <class name="gov.nih.nci.cacoresdk.domain.onetomany.bidirectional.HardDrive" identity="id">
    <map-to xml="HardDrive" ns-uri="gme://caCORE.caCORE/3.2/gov.nih.nci.cacoresdk.domain.onetomany.bidirectional" />
    <field name="id" type="integer">
      <bind-xml name="id" node="attribute" />
    </field>
    <field name="size" type="integer">
      <bind-xml name="size" node="attribute" />
    </field>
    <field name="computer" type="gov.nih.nci.cacoresdk.domain.onetomany.bidirectional.Computer" handler="gov.nih.nci.system.client.util.xml.CastorDomainObjectFieldHandler">
      <bind-xml name="Computer" type="gov.nih.nci.cacoresdk.domain.onetomany.bidirectional.Computer" location="computer" node="element" />
    </field>
  </class>
  <class name="gov.nih.nci.cacoresdk.domain.inheritance.multiplechild.sametable.GovtOrganization" identity="id" extends="gov.nih.nci.cacoresdk.domain.inheritance.multiplechild.sametable.Organization">
    <map-to xml="GovtOrganization" ns-uri="gme://caCORE.caCORE/3.2/gov.nih.nci.cacoresdk.domain.inheritance.multiplechild.sametable" />
    <field name="agencyBudget" type="integer">
      <bind-xml name="agencyBudget" node="attribute" />
    </field>
  </class>
  <class name="gov.nih.nci.cacoresdk.domain.inheritance.multiplechild.sametable.PvtOrganization" identity="id" extends="gov.nih.nci.cacoresdk.domain.inheritance.multiplechild.sametable.Organization">
    <map-to xml="PvtOrganization" ns-uri="gme://caCORE.caCORE/3.2/gov.nih.nci.cacoresdk.domain.inheritance.multiplechild.sametable" />
    <field name="ceo" type="string">
      <bind-xml name="ceo" node="attribute" />
    </field>
  </class>
  <class name="gov.nih.nci.cacoresdk.domain.inheritance.multiplechild.UndergraduateStudent" identity="id" extends="gov.nih.nci.cacoresdk.domain.inheritance.multiplechild.Student">
    <map-to xml="UndergraduateStudent" ns-uri="gme://caCORE.caCORE/3.2/gov.nih.nci.cacoresdk.domain.inheritance.multiplechild" />
  </class>
  <class name="gov.nih.nci.cacoresdk.domain.inheritance.twolevelinheritance.sametablerootlevel.ScientificCalculator" identity="id" extends="gov.nih.nci.cacoresdk.domain.inheritance.twolevelinheritance.sametablerootlevel.Calculator">
    <map-to xml="ScientificCalculator" ns-uri="gme://caCORE.caCORE/3.2/gov.nih.nci.cacoresdk.domain.inheritance.twolevelinheritance.sametablerootlevel" />
  </class>
  <class name="gov.nih.nci.cacoresdk.domain.inheritance.parentwithassociation.AssistantProfessor" identity="id" extends="gov.nih.nci.cacoresdk.domain.inheritance.parentwithassociation.Professor">
    <map-to xml="AssistantProfessor" ns-uri="gme://caCORE.caCORE/3.2/gov.nih.nci.cacoresdk.domain.inheritance.parentwithassociation" />
    <field name="joiningYear" type="integer">
      <bind-xml name="joiningYear" node="attribute" />
    </field>
  </class>
  <class name="gov.nih.nci.cacoresdk.domain.inheritance.childwithassociation.Credit" identity="id" extends="gov.nih.nci.cacoresdk.domain.inheritance.childwithassociation.Payment">
    <map-to xml="Credit" ns-uri="gme://caCORE.caCORE/3.2/gov.nih.nci.cacoresdk.domain.inheritance.childwithassociation" />
    <field name="cardNumber" type="string">
      <bind-xml name="cardNumber" node="attribute" />
    </field>
    <field name="issuingBank" type="gov.nih.nci.cacoresdk.domain.inheritance.childwithassociation.Bank" handler="gov.nih.nci.system.client.util.xml.CastorDomainObjectFieldHandler">
      <bind-xml name="Bank" type="gov.nih.nci.cacoresdk.domain.inheritance.childwithassociation.Bank" location="issuingBank" node="element" />
    </field>
  </class>
  <class name="gov.nih.nci.cacoresdk.domain.inheritance.parentwithassociation.TenuredProfessor" identity="id" extends="gov.nih.nci.cacoresdk.domain.inheritance.parentwithassociation.Professor">
    <map-to xml="TenuredProfessor" ns-uri="gme://caCORE.caCORE/3.2/gov.nih.nci.cacoresdk.domain.inheritance.parentwithassociation" />
    <field name="tenuredYear" type="integer">
      <bind-xml name="tenuredYear" node="attribute" />
    </field>
  </class>
  <class name="gov.nih.nci.cacoresdk.domain.inheritance.twolevelinheritance.sametable.DemocraticGovt" identity="id" extends="gov.nih.nci.cacoresdk.domain.inheritance.twolevelinheritance.sametable.Goverment">
    <map-to xml="DemocraticGovt" ns-uri="gme://caCORE.caCORE/3.2/gov.nih.nci.cacoresdk.domain.inheritance.twolevelinheritance.sametable" />
  </class>
  <class name="gov.nih.nci.cacoresdk.domain.inheritance.twolevelinheritance.sametablerootlevel.FinancialCalculator" identity="id" extends="gov.nih.nci.cacoresdk.domain.inheritance.twolevelinheritance.sametablerootlevel.Calculator">
    <map-to xml="FinancialCalculator" ns-uri="gme://caCORE.caCORE/3.2/gov.nih.nci.cacoresdk.domain.inheritance.twolevelinheritance.sametablerootlevel" />
  </class>
  <class name="gov.nih.nci.cacoresdk.domain.inheritance.twolevelinheritance.sametable.CommunistGovt" identity="id" extends="gov.nih.nci.cacoresdk.domain.inheritance.twolevelinheritance.sametable.Goverment">
    <map-to xml="CommunistGovt" ns-uri="gme://caCORE.caCORE/3.2/gov.nih.nci.cacoresdk.domain.inheritance.twolevelinheritance.sametable" />
  </class>
  <class name="gov.nih.nci.cacoresdk.domain.inheritance.childwithassociation.sametable.SportsShoes" identity="id" extends="gov.nih.nci.cacoresdk.domain.inheritance.childwithassociation.sametable.Shoes">
    <map-to xml="SportsShoes" ns-uri="gme://caCORE.caCORE/3.2/gov.nih.nci.cacoresdk.domain.inheritance.childwithassociation.sametable" />
    <field name="sportsType" type="string">
      <bind-xml name="sportsType" node="attribute" />
    </field>
  </class>
  <class name="gov.nih.nci.cacoresdk.domain.inheritance.twolevelinheritance.Monitor" identity="id" extends="gov.nih.nci.cacoresdk.domain.inheritance.twolevelinheritance.Display">
    <map-to xml="Monitor" ns-uri="gme://caCORE.caCORE/3.2/gov.nih.nci.cacoresdk.domain.inheritance.twolevelinheritance" />
    <field name="brand" type="string">
      <bind-xml name="brand" node="attribute" />
    </field>
  </class>
  <class name="gov.nih.nci.cacoresdk.domain.inheritance.onechild.Human" identity="id" extends="gov.nih.nci.cacoresdk.domain.inheritance.onechild.Mammal">
    <map-to xml="Human" ns-uri="gme://caCORE.caCORE/3.2/gov.nih.nci.cacoresdk.domain.inheritance.onechild" />
    <field name="diet" type="string">
      <bind-xml name="diet" node="attribute" />
    </field>
  </class>
  <class name="gov.nih.nci.cacoresdk.domain.inheritance.parentwithassociation.AssociateProfessor" identity="id" extends="gov.nih.nci.cacoresdk.domain.inheritance.parentwithassociation.Professor">
    <map-to xml="AssociateProfessor" ns-uri="gme://caCORE.caCORE/3.2/gov.nih.nci.cacoresdk.domain.inheritance.parentwithassociation" />
    <field name="yearsServed" type="integer">
      <bind-xml name="yearsServed" node="attribute" />
    </field>
  </class>
  <class name="gov.nih.nci.cacoresdk.domain.inheritance.multiplechild.GraduateStudent" identity="id" extends="gov.nih.nci.cacoresdk.domain.inheritance.multiplechild.Student">
    <map-to xml="GraduateStudent" ns-uri="gme://caCORE.caCORE/3.2/gov.nih.nci.cacoresdk.domain.inheritance.multiplechild" />
    <field name="projectName" type="string">
      <bind-xml name="projectName" node="attribute" />
    </field>
  </class>
  <class name="gov.nih.nci.cacoresdk.domain.inheritance.parentwithassociation.sametable.SoftTop" identity="id" extends="gov.nih.nci.cacoresdk.domain.inheritance.parentwithassociation.sametable.Luggage">
    <map-to xml="SoftTop" ns-uri="gme://caCORE.caCORE/3.2/gov.nih.nci.cacoresdk.domain.inheritance.parentwithassociation.sametable" />
    <field name="expandable" type="boolean">
      <bind-xml name="expandable" node="attribute" />
    </field>
  </class>
  <class name="gov.nih.nci.cacoresdk.domain.inheritance.childwithassociation.Cash" identity="id" extends="gov.nih.nci.cacoresdk.domain.inheritance.childwithassociation.Payment">
    <map-to xml="Cash" ns-uri="gme://caCORE.caCORE/3.2/gov.nih.nci.cacoresdk.domain.inheritance.childwithassociation" />
  </class>
  <class name="gov.nih.nci.cacoresdk.domain.inheritance.onechild.sametable.Note" identity="id" extends="gov.nih.nci.cacoresdk.domain.inheritance.onechild.sametable.Currency">
    <map-to xml="Note" ns-uri="gme://caCORE.caCORE/3.2/gov.nih.nci.cacoresdk.domain.inheritance.onechild.sametable" />
    <field name="value" type="integer">
      <bind-xml name="value" node="attribute" />
    </field>
  </class>
  <class name="gov.nih.nci.cacoresdk.domain.inheritance.parentwithassociation.sametable.HardTop" identity="id" extends="gov.nih.nci.cacoresdk.domain.inheritance.parentwithassociation.sametable.Luggage">
    <map-to xml="HardTop" ns-uri="gme://caCORE.caCORE/3.2/gov.nih.nci.cacoresdk.domain.inheritance.parentwithassociation.sametable" />
    <field name="keyCode" type="integer">
      <bind-xml name="keyCode" node="attribute" />
    </field>
  </class>
  <class name="gov.nih.nci.cacoresdk.domain.inheritance.childwithassociation.sametable.DesignerShoes" identity="id" extends="gov.nih.nci.cacoresdk.domain.inheritance.childwithassociation.sametable.Shoes">
    <map-to xml="DesignerShoes" ns-uri="gme://caCORE.caCORE/3.2/gov.nih.nci.cacoresdk.domain.inheritance.childwithassociation.sametable" />
    <field name="designer" type="gov.nih.nci.cacoresdk.domain.inheritance.childwithassociation.sametable.Designer" handler="gov.nih.nci.system.client.util.xml.CastorDomainObjectFieldHandler">
      <bind-xml name="Designer" type="gov.nih.nci.cacoresdk.domain.inheritance.childwithassociation.sametable.Designer" location="designer" node="element" />
    </field>
  </class>
  <class name="gov.nih.nci.cacoresdk.domain.inheritance.twolevelinheritance.CRTMonitor" identity="id" extends="gov.nih.nci.cacoresdk.domain.inheritance.twolevelinheritance.Monitor">
    <map-to xml="CRTMonitor" ns-uri="gme://caCORE.caCORE/3.2/gov.nih.nci.cacoresdk.domain.inheritance.twolevelinheritance" />
    <field name="refreshRate" type="integer">
      <bind-xml name="refreshRate" node="attribute" />
    </field>
  </class>
  <class name="gov.nih.nci.cacoresdk.domain.inheritance.twolevelinheritance.sametable.ParliamantaryGovt" identity="id" extends="gov.nih.nci.cacoresdk.domain.inheritance.twolevelinheritance.sametable.DemocraticGovt">
    <map-to xml="ParliamantaryGovt" ns-uri="gme://caCORE.caCORE/3.2/gov.nih.nci.cacoresdk.domain.inheritance.twolevelinheritance.sametable" />
    <field name="primeMinister" type="string">
      <bind-xml name="primeMinister" node="attribute" />
    </field>
  </class>
  <class name="gov.nih.nci.cacoresdk.domain.inheritance.twolevelinheritance.sametablerootlevel.GraphicCalculator" identity="id" extends="gov.nih.nci.cacoresdk.domain.inheritance.twolevelinheritance.sametablerootlevel.ScientificCalculator">
    <map-to xml="GraphicCalculator" ns-uri="gme://caCORE.caCORE/3.2/gov.nih.nci.cacoresdk.domain.inheritance.twolevelinheritance.sametablerootlevel" />
  </class>
  <class name="gov.nih.nci.cacoresdk.domain.inheritance.twolevelinheritance.LCDMonitor" identity="id" extends="gov.nih.nci.cacoresdk.domain.inheritance.twolevelinheritance.Monitor">
    <map-to xml="LCDMonitor" ns-uri="gme://caCORE.caCORE/3.2/gov.nih.nci.cacoresdk.domain.inheritance.twolevelinheritance" />
    <field name="dpiSupported" type="integer">
      <bind-xml name="dpiSupported" node="attribute" />
    </field>
  </class>
  <class name="gov.nih.nci.cacoresdk.domain.inheritance.twolevelinheritance.sametable.PresidentialGovt" identity="id" extends="gov.nih.nci.cacoresdk.domain.inheritance.twolevelinheritance.sametable.DemocraticGovt">
    <map-to xml="PresidentialGovt" ns-uri="gme://caCORE.caCORE/3.2/gov.nih.nci.cacoresdk.domain.inheritance.twolevelinheritance.sametable" />
    <field name="president" type="string">
      <bind-xml name="president" node="attribute" />
    </field>
  </class>
</mapping>

