<ns1:ServiceSkeleton introduceVersion="0.96" xmlns:ns1="gme://gov.nih.nci.cagrid/1/Introduce">
 <ns2:Namespaces xsi:type="ns2:NamespacesType" xmlns:ns2="gme://gov.nih.nci.cagrid.introduce/1/Namespace" xmlns:xsi="http://www.w3.org/2001/XMLSchema-instance">
  <ns2:Namespace location="" namespace="http://www.w3.org/2001/XMLSchema" packageName="" xsi:type="ns2:NamespaceType">
   <ns2:SchemaElement type="string" xsi:type="ns2:SchemaElementType"/>
   <ns2:SchemaElement type="integer" xsi:type="ns2:SchemaElementType"/>
   <ns2:SchemaElement type="boolean" xsi:type="ns2:SchemaElementType"/>
  </ns2:Namespace>
  <ns2:Namespace location="./dorian-idp.xsd" namespace="http://cagrid.nci.nih.gov/1/dorian-idp" packageName="gov.nih.nci.cagrid.dorian.idp.bean" xsi:type="ns2:NamespaceType">
   <ns2:SchemaElement type="IdPUser" xsi:type="ns2:SchemaElementType"/>
   <ns2:SchemaElement type="Application" xsi:type="ns2:SchemaElementType"/>
   <ns2:SchemaElement type="IdPUserFilter" xsi:type="ns2:SchemaElementType"/>
   <ns2:SchemaElement type="BasicAuthCredential" xsi:type="ns2:SchemaElementType"/>
   <ns2:SchemaElement type="ApplicationReview" xsi:type="ns2:SchemaElementType"/>
  </ns2:Namespace>
  <ns2:Namespace location="./dorian-common.xsd" namespace="http://cagrid.nci.nih.gov/1/dorian-common" packageName="gov.nih.nci.cagrid.dorian.bean" xsi:type="ns2:NamespaceType">
   <ns2:SchemaElement type="SAMLAssertion" xsi:type="ns2:SchemaElementType"/>
   <ns2:SchemaElement type="X509Certificate" xsi:type="ns2:SchemaElementType"/>
   <ns2:SchemaElement type="Metadata" xsi:type="ns2:SchemaElementType"/>
  </ns2:Namespace>
  <ns2:Namespace generateStubs="false" location="./xsd/cagrid/types/caGridMetadata.xsd" namespace="gme://caGrid.caBIG/1.0/gov.nih.nci.cagrid.metadata" packageName="gov.nih.nci.cagrid.metadata" xsi:type="ns2:NamespaceType">
   <ns2:SchemaElement type="ServiceMetadata" xsi:type="ns2:SchemaElementType"/>
  </ns2:Namespace>
  <ns2:Namespace generateStubs="false" location="./ServiceSecurity.xsd" namespace="gme://caGrid.caBIG/1.0/gov.nih.nci.cagrid.metadata.security" packageName="gov.nih.nci.cagrid.metadata.security" xsi:type="ns2:NamespaceType">
   <ns2:SchemaElement type="ServiceSecurityMetadata" xsi:type="ns2:SchemaElementType"/>
   <ns2:SchemaElement type="CommunicationMechanism" xsi:type="ns2:SchemaElementType"/>
   <ns2:SchemaElement type="Operation" xsi:type="ns2:SchemaElementType"/>
   <ns2:SchemaElement type="CommunicationStyle" xsi:type="ns2:SchemaElementType"/>
  </ns2:Namespace>
  <ns2:Namespace location="./dorian-ifs.xsd" namespace="http://cagrid.nci.nih.gov/1/dorian-ifs" packageName="gov.nih.nci.cagrid.dorian.ifs.bean" xsi:type="ns2:NamespaceType">
   <ns2:SchemaElement type="TrustedIdP" xsi:type="ns2:SchemaElementType"/>
   <ns2:SchemaElement type="IFSUser" xsi:type="ns2:SchemaElementType"/>
   <ns2:SchemaElement type="IFSUserFilter" xsi:type="ns2:SchemaElementType"/>
   <ns2:SchemaElement type="ProxyLifetime" xsi:type="ns2:SchemaElementType"/>
   <ns2:SchemaElement type="PublicKey" xsi:type="ns2:SchemaElementType"/>
   <ns2:SchemaElement type="IFSUserPolicy" xsi:type="ns2:SchemaElementType"/>
   <ns2:SchemaElement type="InvalidPasswordFault" xsi:type="ns2:SchemaElementType"/>
   <ns2:SchemaElement type="CredentialsFault" xsi:type="ns2:SchemaElementType"/>
  </ns2:Namespace>
 </ns2:Namespaces>
 <ns3:Services xsi:type="ns3:ServicesType" xmlns:ns3="gme://gov.nih.nci.cagrid.introduce/1/Services" xmlns:xsi="http://www.w3.org/2001/XMLSchema-instance">
  <ns3:Service name="Dorian" namespace="http://cagrid.nci.nih.gov/Dorian" packageName="gov.nih.nci.cagrid.dorian" resourceFrameworkType="main" xsi:type="ns3:ServiceType">
   <ns4:Methods xsi:type="ns4:MethodsType" xmlns:ns4="gme://gov.nih.nci.cagrid.introduce/1/Methods">
    <ns4:Method isImported="true" isProvided="true" name="getServiceSecurityMetadata" xsi:type="ns4:MethodType">
     <ns4:Output qName="ns5:ServiceSecurityMetadata" isArray="false" isClientHandle="false" xmlns:ns5="gme://caGrid.caBIG/1.0/gov.nih.nci.cagrid.metadata.security"/>
     <ns4:ImportInformation namespace="http://security.introduce.cagrid.nci.nih.gov/ServiceSecurity" packageName="gov.nih.nci.cagrid.introduce.security" portTypeName="ServiceSecurityPortType" wsdlFile="ServiceSecurity.wsdl"/>
     <ns4:ProviderInformation providerClass="gov.nih.nci.cagrid.introduce.security.service.globus.ServiceSecurityProviderImpl"/>
    </ns4:Method>
    <ns4:Method isImported="false" isProvided="false" name="registerWithIdP" xsi:type="ns4:MethodType">
     <ns4:Inputs>
      <ns4:Input qName="ns6:Application" isArray="false" name="application" xmlns:ns6="http://cagrid.nci.nih.gov/1/dorian-idp"/>
     </ns4:Inputs>
     <ns4:Output qName="xsd:string" isArray="false" xmlns:xsd="http://www.w3.org/2001/XMLSchema"/>
     <ns4:Exceptions>
      <ns4:Exception name="DorianInternalFault"/>
      <ns4:Exception name="InvalidUserPropertyFault"/>
     </ns4:Exceptions>
     <ns7:MethodSecurity xsi:type="ns7:MethodSecurity" xmlns:ns7="gme://gov.nih.nci.cagrid.introduce/1/Security">
      <ns7:SecuritySetting xsi:type="ns7:SecuritySetting">Custom</ns7:SecuritySetting>
      <ns7:TransportLevelSecurity xsi:type="ns7:TransportLevelSecurity">
       <ns7:CommunicationMethod xsi:type="ns7:CommunicationMethod">Privacy</ns7:CommunicationMethod>
      </ns7:TransportLevelSecurity>
      <ns7:RunAsMode xsi:type="ns7:RunAsMode">System</ns7:RunAsMode>
      <ns7:AnonymousClients xsi:type="ns7:AnonymousCommunication">Yes</ns7:AnonymousClients>
     </ns7:MethodSecurity>
    </ns4:Method>
    <ns4:Method isImported="false" isProvided="false" name="findIdPUsers" xsi:type="ns4:MethodType">
     <ns4:Inputs>
      <ns4:Input qName="ns8:IdPUserFilter" isArray="false" name="filter" xmlns:ns8="http://cagrid.nci.nih.gov/1/dorian-idp"/>
     </ns4:Inputs>
     <ns4:Output qName="ns9:IdPUser" isArray="true" xmlns:ns9="http://cagrid.nci.nih.gov/1/dorian-idp"/>
     <ns4:Exceptions>
      <ns4:Exception name="DorianInternalFault"/>
      <ns4:Exception name="PermissionDeniedFault"/>
     </ns4:Exceptions>
    </ns4:Method>
    <ns4:Method isImported="false" isProvided="false" name="updateIdPUser" xsi:type="ns4:MethodType">
     <ns4:Inputs>
      <ns4:Input qName="ns10:IdPUser" isArray="false" name="user" xmlns:ns10="http://cagrid.nci.nih.gov/1/dorian-idp"/>
     </ns4:Inputs>
     <ns4:Output qName="void" isArray="false"/>
     <ns4:Exceptions>
      <ns4:Exception name="DorianInternalFault"/>
      <ns4:Exception name="NoSuchUserFault"/>
      <ns4:Exception name="PermissionDeniedFault"/>
     </ns4:Exceptions>
    </ns4:Method>
    <ns4:Method isImported="false" isProvided="false" name="removeIdPUser" xsi:type="ns4:MethodType">
     <ns4:Inputs>
      <ns4:Input qName="xsd:string" isArray="false" name="userId" xmlns:xsd="http://www.w3.org/2001/XMLSchema"/>
     </ns4:Inputs>
     <ns4:Output qName="void" isArray="false"/>
     <ns4:Exceptions>
      <ns4:Exception name="DorianInternalFault"/>
      <ns4:Exception name="PermissionDeniedFault"/>
     </ns4:Exceptions>
    </ns4:Method>
    <ns4:Method isImported="false" isProvided="false" name="authenticateWithIdP" xsi:type="ns4:MethodType">
     <ns4:Inputs>
      <ns4:Input qName="ns11:BasicAuthCredential" isArray="false" name="cred" xmlns:ns11="http://cagrid.nci.nih.gov/1/dorian-idp"/>
     </ns4:Inputs>
     <ns4:Output qName="ns12:SAMLAssertion" isArray="false" xmlns:ns12="http://cagrid.nci.nih.gov/1/dorian-common"/>
     <ns4:Exceptions>
      <ns4:Exception name="DorianInternalFault"/>
      <ns4:Exception name="PermissionDeniedFault"/>
     </ns4:Exceptions>
     <ns13:MethodSecurity xsi:type="ns13:MethodSecurity" xmlns:ns13="gme://gov.nih.nci.cagrid.introduce/1/Security">
      <ns13:SecuritySetting xsi:type="ns13:SecuritySetting">Custom</ns13:SecuritySetting>
      <ns13:TransportLevelSecurity xsi:type="ns13:TransportLevelSecurity">
       <ns13:CommunicationMethod xsi:type="ns13:CommunicationMethod">Privacy</ns13:CommunicationMethod>
      </ns13:TransportLevelSecurity>
      <ns13:RunAsMode xsi:type="ns13:RunAsMode">System</ns13:RunAsMode>
      <ns13:AnonymousClients xsi:type="ns13:AnonymousCommunication">Yes</ns13:AnonymousClients>
     </ns13:MethodSecurity>
    </ns4:Method>
    <ns4:Method isImported="false" isProvided="false" name="createProxy" xsi:type="ns4:MethodType">
     <ns4:Inputs>
      <ns4:Input qName="ns14:SAMLAssertion" isArray="false" name="saml" xmlns:ns14="http://cagrid.nci.nih.gov/1/dorian-common"/>
      <ns4:Input qName="ns15:PublicKey" isArray="false" name="publicKey" xmlns:ns15="http://cagrid.nci.nih.gov/1/dorian-ifs"/>
      <ns4:Input qName="ns16:ProxyLifetime" isArray="false" name="lifetime" xmlns:ns16="http://cagrid.nci.nih.gov/1/dorian-ifs"/>
     </ns4:Inputs>
     <ns4:Output qName="ns17:X509Certificate" isArray="true" xmlns:ns17="http://cagrid.nci.nih.gov/1/dorian-common"/>
     <ns4:Exceptions>
      <ns4:Exception name="DorianInternalFault"/>
      <ns4:Exception name="InvalidAssertionFault"/>
      <ns4:Exception name="InvalidProxyFault"/>
      <ns4:Exception name="UserPolicyFault"/>
      <ns4:Exception name="PermissionDeniedFault"/>
     </ns4:Exceptions>
     <ns18:MethodSecurity xsi:type="ns18:MethodSecurity" xmlns:ns18="gme://gov.nih.nci.cagrid.introduce/1/Security">
      <ns18:SecuritySetting xsi:type="ns18:SecuritySetting">Custom</ns18:SecuritySetting>
      <ns18:TransportLevelSecurity xsi:type="ns18:TransportLevelSecurity">
       <ns18:CommunicationMethod xsi:type="ns18:CommunicationMethod">Privacy</ns18:CommunicationMethod>
      </ns18:TransportLevelSecurity>
      <ns18:RunAsMode xsi:type="ns18:RunAsMode">System</ns18:RunAsMode>
      <ns18:AnonymousClients xsi:type="ns18:AnonymousCommunication">Yes</ns18:AnonymousClients>
     </ns18:MethodSecurity>
    </ns4:Method>
    <ns4:Method isImported="false" isProvided="false" name="getCACertificate" xsi:type="ns4:MethodType">
     <ns4:Inputs/>
     <ns4:Output qName="ns19:X509Certificate" isArray="false" xmlns:ns19="http://cagrid.nci.nih.gov/1/dorian-common"/>
     <ns4:Exceptions>
      <ns4:Exception name="DorianInternalFault"/>
     </ns4:Exceptions>
     <ns20:MethodSecurity xsi:type="ns20:MethodSecurity" xmlns:ns20="gme://gov.nih.nci.cagrid.introduce/1/Security">
      <ns20:SecuritySetting xsi:type="ns20:SecuritySetting">Custom</ns20:SecuritySetting>
      <ns20:TransportLevelSecurity xsi:type="ns20:TransportLevelSecurity">
       <ns20:CommunicationMethod xsi:type="ns20:CommunicationMethod">Privacy</ns20:CommunicationMethod>
      </ns20:TransportLevelSecurity>
      <ns20:RunAsMode xsi:type="ns20:RunAsMode">System</ns20:RunAsMode>
      <ns20:AnonymousClients xsi:type="ns20:AnonymousCommunication">Yes</ns20:AnonymousClients>
     </ns20:MethodSecurity>
    </ns4:Method>
    <ns4:Method isImported="false" isProvided="false" name="getTrustedIdPs" xsi:type="ns4:MethodType">
     <ns4:Inputs/>
     <ns4:Output qName="ns21:TrustedIdP" isArray="true" xmlns:ns21="http://cagrid.nci.nih.gov/1/dorian-ifs"/>
     <ns4:Exceptions>
      <ns4:Exception name="DorianInternalFault"/>
      <ns4:Exception name="PermissionDeniedFault"/>
     </ns4:Exceptions>
    </ns4:Method>
    <ns4:Method isImported="false" isProvided="false" name="addTrustedIdP" xsi:type="ns4:MethodType">
     <ns4:Inputs>
      <ns4:Input qName="ns22:TrustedIdP" isArray="false" name="idp" xmlns:ns22="http://cagrid.nci.nih.gov/1/dorian-ifs"/>
     </ns4:Inputs>
     <ns4:Output qName="ns23:TrustedIdP" isArray="false" xmlns:ns23="http://cagrid.nci.nih.gov/1/dorian-ifs"/>
     <ns4:Exceptions>
      <ns4:Exception name="DorianInternalFault"/>
      <ns4:Exception name="InvalidTrustedIdPFault"/>
      <ns4:Exception name="PermissionDeniedFault"/>
     </ns4:Exceptions>
    </ns4:Method>
    <ns4:Method isImported="false" isProvided="false" name="updateTrustedIdP" xsi:type="ns4:MethodType">
     <ns4:Inputs>
      <ns4:Input qName="ns24:TrustedIdP" isArray="false" name="trustedIdP" xmlns:ns24="http://cagrid.nci.nih.gov/1/dorian-ifs"/>
     </ns4:Inputs>
     <ns4:Output qName="void" isArray="false"/>
     <ns4:Exceptions>
      <ns4:Exception name="DorianInternalFault"/>
      <ns4:Exception name="InvalidTrustedIdPFault"/>
      <ns4:Exception name="PermissionDeniedFault"/>
     </ns4:Exceptions>
    </ns4:Method>
    <ns4:Method isImported="false" isProvided="false" name="removeTrustedIdP" xsi:type="ns4:MethodType">
     <ns4:Inputs>
      <ns4:Input qName="ns25:TrustedIdP" isArray="false" name="trustedIdP" xmlns:ns25="http://cagrid.nci.nih.gov/1/dorian-ifs"/>
     </ns4:Inputs>
     <ns4:Output qName="void" isArray="false"/>
     <ns4:Exceptions>
      <ns4:Exception name="DorianInternalFault"/>
      <ns4:Exception name="InvalidTrustedIdPFault"/>
      <ns4:Exception name="PermissionDeniedFault"/>
     </ns4:Exceptions>
    </ns4:Method>
    <ns4:Method isImported="false" isProvided="false" name="findIFSUsers" xsi:type="ns4:MethodType">
     <ns4:Inputs>
      <ns4:Input qName="ns26:IFSUserFilter" isArray="false" name="filter" xmlns:ns26="http://cagrid.nci.nih.gov/1/dorian-ifs"/>
     </ns4:Inputs>
     <ns4:Output qName="ns27:IFSUser" isArray="true" xmlns:ns27="http://cagrid.nci.nih.gov/1/dorian-ifs"/>
     <ns4:Exceptions>
      <ns4:Exception name="DorianInternalFault"/>
      <ns4:Exception name="PermissionDeniedFault"/>
     </ns4:Exceptions>
    </ns4:Method>
    <ns4:Method isImported="false" isProvided="false" name="updateIFSUser" xsi:type="ns4:MethodType">
     <ns4:Inputs>
      <ns4:Input qName="ns28:IFSUser" isArray="false" name="user" xmlns:ns28="http://cagrid.nci.nih.gov/1/dorian-ifs"/>
     </ns4:Inputs>
     <ns4:Output qName="void" isArray="false"/>
     <ns4:Exceptions>
      <ns4:Exception name="DorianInternalFault"/>
      <ns4:Exception name="InvalidUserFault"/>
      <ns4:Exception name="PermissionDeniedFault"/>
     </ns4:Exceptions>
    </ns4:Method>
    <ns4:Method isImported="false" isProvided="false" name="removeIFSUser" xsi:type="ns4:MethodType">
     <ns4:Inputs>
      <ns4:Input qName="ns29:IFSUser" isArray="false" name="user" xmlns:ns29="http://cagrid.nci.nih.gov/1/dorian-ifs"/>
     </ns4:Inputs>
     <ns4:Output qName="void" isArray="false"/>
     <ns4:Exceptions>
      <ns4:Exception name="DorianInternalFault"/>
      <ns4:Exception name="InvalidUserFault"/>
      <ns4:Exception name="PermissionDeniedFault"/>
     </ns4:Exceptions>
    </ns4:Method>
    <ns4:Method isImported="false" isProvided="false" name="renewIFSUserCredentials" xsi:type="ns4:MethodType">
     <ns4:Inputs>
      <ns4:Input qName="ns30:IFSUser" isArray="false" name="user" xmlns:ns30="http://cagrid.nci.nih.gov/1/dorian-ifs"/>
     </ns4:Inputs>
     <ns4:Output qName="ns31:IFSUser" isArray="false" xmlns:ns31="http://cagrid.nci.nih.gov/1/dorian-ifs"/>
     <ns4:Exceptions>
      <ns4:Exception name="DorianInternalFault"/>
      <ns4:Exception name="InvalidUserFault"/>
      <ns4:Exception name="PermissionDeniedFault"/>
     </ns4:Exceptions>
    </ns4:Method>
    <ns4:Method isImported="false" isProvided="false" name="getIFSUserPolicies" xsi:type="ns4:MethodType">
     <ns4:Inputs/>
     <ns4:Output qName="ns32:IFSUserPolicy" isArray="true" xmlns:ns32="http://cagrid.nci.nih.gov/1/dorian-ifs"/>
     <ns4:Exceptions>
      <ns4:Exception name="DorianInternalFault"/>
      <ns4:Exception name="PermissionDeniedFault"/>
     </ns4:Exceptions>
    </ns4:Method>
   </ns4:Methods>
   <ns33:ResourcePropertiesList xsi:type="ns33:ResourcePropertiesListType" xmlns:ns33="gme://gov.nih.nci.cagrid.introduce/1/Resources">
    <ns33:ResourceProperty qName="ns34:ServiceMetadata" populateFromFile="true" register="true" xsi:type="ns33:ResourcePropertyType" xmlns:ns34="gme://caGrid.caBIG/1.0/gov.nih.nci.cagrid.metadata"/>
   </ns33:ResourcePropertiesList>
   <ns35:ServiceSecurity xsi:type="ns35:ServiceSecurity" xmlns:ns35="gme://gov.nih.nci.cagrid.introduce/1/Security">
    <ns35:SecuritySetting xsi:type="ns35:SecuritySetting">Custom</ns35:SecuritySetting>
    <ns35:TransportLevelSecurity xsi:type="ns35:TransportLevelSecurity">
     <ns35:CommunicationMethod xsi:type="ns35:CommunicationMethod">Privacy</ns35:CommunicationMethod>
    </ns35:TransportLevelSecurity>
    <ns35:RunAsMode xsi:type="ns35:RunAsMode">System</ns35:RunAsMode>
    <ns35:AnonymousClients xsi:type="ns35:AnonymousCommunication">No</ns35:AnonymousClients>
    <ns35:ServiceAuthorization xsi:type="ns35:ServiceAuthorization">
     <ns35:NoAuthorization xsi:type="ns35:NoAuthorization"/>
    </ns35:ServiceAuthorization>
   </ns35:ServiceSecurity>
  </ns3:Service>
 </ns3:Services>
 <ns36:Extensions xsi:type="ns36:ExtensionsType" xmlns:ns36="gme://gov.nih.nci.cagrid.introduce/1/Extension" xmlns:xsi="http://www.w3.org/2001/XMLSchema-instance"/>
 <ns37:ServiceProperties xmlns:ns37="gme://gov.nih.nci.cagrid.introduce/1/Property"/>
</ns1:ServiceSkeleton>
