<?xml version="1.0" encoding="UTF-8"?><CommonServiceMetadata xmlns="gme://caGrid.caBIG/1.0/gov.nih.nci.cagrid.metadata.common">	<researchCenterInfo>		<researchCenterBioDataType></researchCenterBioDataType>		<researchCenterName>OSU</researchCenterName>		<researchCenterType></researchCenterType>		<researchCenterAddress></researchCenterAddress>		<researchCenterPhone></researchCenterPhone>		<researchCenterFax></researchCenterFax>		<researchCenterPOCName>Shannon Hastings</researchCenterPOCName>		<researchCenterDescription></researchCenterDescription>		<researchCenterComments></researchCenterComments>	</researchCenterInfo></CommonServiceMetadata>