<grid-portal>
	<resource name="GridPortalConfig" class="org.projectmobius.portal.GridPortalConfig">
	 <grid-portal-config>
	  <application>
	  	<name>GridCA</name>
	  	<icon>/caBIGWorld.jpg</icon>
	  	<logo-bar-image>/caBIGLogo.jpg</logo-bar-image>
	  	<about>
	  	     <![CDATA[<html><h2>GridCA</h2><h3>Authors:</h3><a href="mailto:hastings@bmi.osu.edu">Shannon Hastings</a> and <a href="mailto:langella@bmi.osu.edu">Stephen Langella</a> and <a href="mailto:oster@bmi.osu.edu">Scott Oster</a>]]>	
	  	</about>
	  	<dimensions>
	  		<width>800</width>
	  		<height>600</height>
	  	</dimensions>
	  </application>
	  <components>
	  <component>
	  		<title>CertificateBrowser</title>
	  		<description>Certificate Browser</description>
	  		<class>gov.nih.nci.cagrid.gridca.portal.CertificateInformationComponent</class>
	  		<icon>/contact-new.png</icon>
	  	</component>
	    	<component>
	  		<title>ProxyManager</title>
	  		<description>Proxy Manager</description>
	  		<class>gov.nih.nci.cagrid.gridca.portal.ProxyManagerComponent</class>
	  		<icon>/contact-new.png</icon>
	  	</component>
	  </components>
	  </grid-portal-config>
	</resource>	
</grid-portal>
